dataset,nodes,features,classes,directed,emb_ratio,max_nodes,k,init_lr,lr_decay,epochs
Chameleon,2277,2325,5,TRUE,3,2277,50,0.01,0.999,500
CiteSeer,3327,3703,6,FALSE,4,3327,50,0.01,0.99,300
Cora,2708,1433,7,FALSE,4,2708,20,0.01,0.999,600
Cornell,183,1703,5,TRUE,4,183,50,0.001,0.99,500
Squirrel,5201,2089,5,TRUE,3,5201,50,0.01,0.999,400
Texas,183,1703,5,TRUE,4,183,10,0.01,0.99,200
Wisconsin,251,1703,5,TRUE,4,251,20,0.001,0.99,500
PubMed,19717,500,3,FALSE,4,5000,30,0.01,0.9,500
ogbn-arxiv,169343,128,35,TRUE,4,5000,50,0.001,0.96,500
SnapPatents,2923922,269,37,TRUE,4,5000,30,0.001,0.96,500
